<?xml version="1.0" encoding="UTF-8"?>
<metadata xml:lang="en"><Esri><CreaDate>20140326</CreaDate><CreaTime>16222700</CreaTime><SyncOnce>FALSE</SyncOnce><DataProperties><lineage><Process Name="Create Feature Class" ToolSource="C:\Program Files\ArcGIS\ArcToolbox\Toolboxes\Data Management Tools.tbx\CreateFeatureclass" Date="20070213" Time="102937">CreateFeatureclass C:\workspace\historic.mdb\historic baltoco_districts2 # baltoco_districts_Layer SAME_AS_TEMPLATE SAME_AS_TEMPLATE "PROJCS['NAD_1983_HARN_StatePlane_Maryland_FIPS_1900_Feet',GEOGCS['GCS_North_American_1983_HARN',DATUM['D_North_American_1983_HARN',SPHEROID['GRS_1980',6378137.0,298.257222101]],PRIMEM['Greenwich',0.0],UNIT['Degree',0.0174532925199433]],PROJECTION['Lambert_Conformal_Conic'],PARAMETER['False_Easting',1312333.333333333],PARAMETER['False_Northing',0.0],PARAMETER['Central_Meridian',-77.0],PARAMETER['Standard_Parallel_1',38.3],PARAMETER['Standard_Parallel_2',39.45],PARAMETER['Latitude_Of_Origin',37.66666666666666],UNIT['Foot_US',0.3048006096012192]];1148912.259633 359199.686678 3906.249996;0.000000 100000.000000;0.000000 100000.000000" # 0 0 0 C:\workspace\historic.mdb\historic\baltoco_districts2</Process><Process Name="Append" ToolSource="C:\Program Files\ArcGIS\ArcToolbox\Toolboxes\Data Management Tools.tbx\Append" Date="20070213" Time="102937">Append baltoco_districts_Layer C:\workspace\historic.mdb\historic\baltoco_districts2 TEST C:\workspace\historic.mdb\historic\baltoco_districts2</Process><Process Name="FeatureClassToFeatureClass_2" ToolSource="C:\Program Files\ArcGIS\ArcToolbox\Toolboxes\Conversion Tools.tbx\FeatureClassToFeatureClass" Date="20070213" Time="102937">FeatureClassToFeatureClass C:\workspace\historic.mdb\baltoco_districts C:\workspace\historic.mdb\historic baltoco_districts2 # "AREA AREA VISIBLE;PERIMETER PERIMETER VISIBLE;DISTRICT DISTRICT VISIBLE;DATE_LISTE DATE_LISTE VISIBLE;DATE_SHAPE DATE_SHAPE VISIBLE;Map_200 Map_200 VISIBLE;Shape_Length Shape_Length VISIBLE;Shape_Area Shape_Area VISIBLE" SAME_AS_TEMPLATE SAME_AS_TEMPLATE # 0 C:\workspace\historic.mdb\historic\baltoco_districts2</Process><Process ToolSource="C:\Program Files\ArcGIS\ArcToolbox\Toolboxes\Conversion Tools.tbx\FeatureClassToFeatureClass" Date="20110830" Time="083911">FeatureClassToFeatureClass R:\Depts\Planning\Data\historic.mdb\historic\baltoco_districts R:\Depts\AgencyDataToBeMoved\historic.mdb\historic baltoco_districts # "DISTRICT 'DISTRICT' true true false 25 Text 0 0 ,First,#,R:\Depts\Planning\Data\historic.mdb\historic\baltoco_districts,DISTRICT,-1,-1;DATE_LISTE 'DATE_LISTE' true true false 16 Text 0 0 ,First,#,R:\Depts\Planning\Data\historic.mdb\historic\baltoco_districts,DATE_LISTE,-1,-1;DATE_SHAPE 'DATE_SHAPE' true true false 16 Text 0 0 ,First,#,R:\Depts\Planning\Data\historic.mdb\historic\baltoco_districts,DATE_SHAPE,-1,-1;Shape_Length 'Shape_Length' false true true 8 Double 0 0 ,First,#,R:\Depts\Planning\Data\historic.mdb\historic\baltoco_districts,Shape_Length,-1,-1;Shape_Area 'Shape_Area' false true true 8 Double 0 0 ,First,#,R:\Depts\Planning\Data\historic.mdb\historic\baltoco_districts,Shape_Area,-1,-1" # R:\Depts\AgencyDataToBeMoved\historic.mdb\historic\baltoco_districts</Process><Process ToolSource="c:\program files (x86)\arcgis\desktop10.2\ArcToolbox\Toolboxes\Data Management Tools.tbx\ChangePrivileges" Date="20131021" Time="101046">ChangePrivileges C:\101Connections\5151\BCGIS\Cultural@5151.sde\CULTURAL.AAHeritageArea;C:\101Connections\5151\BCGIS\Cultural@5151.sde\CULTURAL.BaltcoHistoricDistricts;C:\101Connections\5151\BCGIS\Cultural@5151.sde\CULTURAL.CEMETARY;C:\101Connections\5151\BCGIS\Cultural@5151.sde\CULTURAL.HistoricBridges;C:\101Connections\5151\BCGIS\Cultural@5151.sde\CULTURAL.CEMETARY_ANNO;C:\101Connections\5151\BCGIS\Cultural@5151.sde\CULTURAL.HistoricEnvironmentalSettings;C:\101Connections\5151\BCGIS\Cultural@5151.sde\CULTURAL.LANDFILL;C:\101Connections\5151\BCGIS\Cultural@5151.sde\CULTURAL.LANDFILL_ANNO;C:\101Connections\5151\BCGIS\Cultural@5151.sde\CULTURAL.LandmarksList;C:\101Connections\5151\BCGIS\Cultural@5151.sde\CULTURAL.MIHProperties;C:\101Connections\5151\BCGIS\Cultural@5151.sde\CULTURAL.NatRegHistoricDistricts;C:\101Connections\5151\BCGIS\Cultural@5151.sde\CULTURAL.RunawaySlaves;C:\101Connections\5151\BCGIS\Cultural@5151.sde\CULTURAL.SurveyDistricts data_query2 GRANT #</Process><Process ToolSource="c:\program files (x86)\arcgis\desktop10.2\ArcToolbox\Toolboxes\Data Management Tools.tbx\CopyFeatures" Date="20140326" Time="162602">CopyFeatures temp_layer C:\Users\eplack\Documents\GitHub\Historic-Districts\shapefile\temp\BaltCoHistoricDistricts.shp # 0 0 0</Process><Process ToolSource="c:\program files (x86)\arcgis\desktop10.2\ArcToolbox\Toolboxes\Data Management Tools.tbx\CopyFeatures" Date="20140326" Time="162603">CopyFeatures C:\Users\eplack\Documents\GitHub\Historic-Districts\shapefile\temp\BaltCoHistoricDistricts.shp C:\Users\eplack\Documents\GitHub\Historic-Districts\shapefile\BaltCoHistoricDistricts.shp # 0 0 0</Process></lineage><itemProps><itemLocation><linkage Sync="TRUE">file://\\BA213358\C$\Users\eplack\Documents\GitHub\Historic-Districts\shapefile\BaltCoHistoricDistricts.shp</linkage><protocol Sync="TRUE">Local Area Network</protocol></itemLocation><itemName Sync="TRUE">BaltCoHistoricDistricts</itemName><nativeExtBox><westBL Sync="TRUE">1360669.750000</westBL><eastBL Sync="TRUE">1486912.889000</eastBL><southBL Sync="TRUE">567008.750000</southBL><northBL Sync="TRUE">701146.438000</northBL><exTypeCode Sync="TRUE">1</exTypeCode></nativeExtBox><imsContentType export="False" Sync="TRUE">002</imsContentType><itemSize Sync="TRUE">0.000</itemSize></itemProps><coordRef><type Sync="TRUE">Geographic</type><geogcsn Sync="TRUE">GCS_WGS_1984</geogcsn><csUnits Sync="TRUE">Angular Unit: Degree (0.017453)</csUnits><peXml Sync="TRUE">&lt;GeographicCoordinateSystem xsi:type='typens:GeographicCoordinateSystem' xmlns:xsi='http://www.w3.org/2001/XMLSchema-instance' xmlns:xs='http://www.w3.org/2001/XMLSchema' xmlns:typens='http://www.esri.com/schemas/ArcGIS/10.1'&gt;&lt;WKT&gt;GEOGCS[&amp;quot;GCS_WGS_1984&amp;quot;,DATUM[&amp;quot;D_WGS_1984&amp;quot;,SPHEROID[&amp;quot;WGS_1984&amp;quot;,6378137.0,298.257223563]],PRIMEM[&amp;quot;Greenwich&amp;quot;,0.0],UNIT[&amp;quot;Degree&amp;quot;,0.0174532925199433],AUTHORITY[&amp;quot;EPSG&amp;quot;,4326]]&lt;/WKT&gt;&lt;XOrigin&gt;-400&lt;/XOrigin&gt;&lt;YOrigin&gt;-400&lt;/YOrigin&gt;&lt;XYScale&gt;11258999068426.238&lt;/XYScale&gt;&lt;ZOrigin&gt;-100000&lt;/ZOrigin&gt;&lt;ZScale&gt;10000&lt;/ZScale&gt;&lt;MOrigin&gt;-100000&lt;/MOrigin&gt;&lt;MScale&gt;10000&lt;/MScale&gt;&lt;XYTolerance&gt;8.983152841195215e-009&lt;/XYTolerance&gt;&lt;ZTolerance&gt;0.001&lt;/ZTolerance&gt;&lt;MTolerance&gt;0.001&lt;/MTolerance&gt;&lt;HighPrecision&gt;true&lt;/HighPrecision&gt;&lt;LeftLongitude&gt;-180&lt;/LeftLongitude&gt;&lt;WKID&gt;4326&lt;/WKID&gt;&lt;LatestWKID&gt;4326&lt;/LatestWKID&gt;&lt;/GeographicCoordinateSystem&gt;</peXml></coordRef></DataProperties><SyncDate>20140326</SyncDate><SyncTime>16260300</SyncTime><ModDate>20140326</ModDate><ModTime>16260300</ModTime><ArcGISFormat>1.0</ArcGISFormat><ArcGISstyle>FGDC CSDGM Metadata</ArcGISstyle><scaleRange><minScale>150000000</minScale><maxScale>5000</maxScale></scaleRange></Esri><mdLang><languageCode value="eng"/><countryCode value="USA" Sync="TRUE"></countryCode></mdLang><mdChar><CharSetCd value="004"/></mdChar><mdHrLv><ScopeCd value="005"/></mdHrLv><mdContact><rpIndName>Jennifer Meacham</rpIndName><rpOrgName>Balitmore County Office of Planning</rpOrgName><rpPosName>GIS Analyst</rpPosName><rpCntInfo><cntPhone><voiceNum>410-887-3521</voiceNum><faxNum>410-887-5862</faxNum></cntPhone><cntAddress addressType="both"><delPoint>105 W. Cheasapeake Ave, Suite 101</delPoint><city>Towson</city><adminArea>MD</adminArea><postCode>21204</postCode><country>US</country><eMailAdd>jmeacham@baltimorecountymd.gov</eMailAdd></cntAddress><cntHours>Mon - Friday, 8:30 - 4:30</cntHours></rpCntInfo><role><RoleCd value="007"/></role></mdContact><mdDateSt Sync="TRUE">20140326</mdDateSt><mdStanName>ArcGIS Metadata</mdStanName><mdStanVer>1.0</mdStanVer><dataIdInfo><idCitation><resTitle Sync="TRUE">BaltCoHistoricDistricts</resTitle><citRespParty><rpOrgName>Baltimore County Office of Planning</rpOrgName><role><RoleCd value="006"/></role></citRespParty><presForm><PresFormCd value="005"/></presForm><presForm><fgdcGeoform>vector digital data</fgdcGeoform></presForm></idCitation><idAbs>&lt;DIV STYLE="text-align:Left;"&gt;&lt;DIV&gt;&lt;DIV&gt;&lt;P&gt;&lt;SPAN&gt;Outlines the boundaries of the Baltimore County Historic Districts. The agreement by the owners of 75 percent of the property within a proposed district’s boundary is required to form a local historic district. Any exterior modification or addition to a structure in a district, or any excavation, building, or demolition permit, is subject to approval by the Landmarks Preservation Commission.&lt;/SPAN&gt;&lt;/P&gt;&lt;/DIV&gt;&lt;/DIV&gt;&lt;/DIV&gt;</idAbs><idPurp>Delineates the boundaries of the Baltimore County Historic Districts.</idPurp><idStatus><ProgCd value="001"/></idStatus><idPoC><rpIndName>Teri Rising</rpIndName><rpOrgName>Office of Planning</rpOrgName><rpPosName>Historic Planner</rpPosName><rpCntInfo><cntPhone><voiceNum>410-887-3495</voiceNum><faxNum>410-887-5862</faxNum></cntPhone><cntAddress addressType="both"><delPoint>105 W. Chesapeake Ave</delPoint><delPoint>The Jefferson Building, Suite 101</delPoint><city>Towson</city><adminArea>MD</adminArea><postCode>21204</postCode><country>US</country><eMailAdd>trising@baltimorecountymd.gov</eMailAdd></cntAddress><cntHours>Mon - Fri, 8:30 - 4:30</cntHours></rpCntInfo><role><RoleCd value="007"/></role></idPoC><resMaint><maintFreq><MaintFreqCd value="009"/></maintFreq></resMaint><themeKeys><thesaName><resTitle>Historic District</resTitle></thesaName><keyword>district, preservation, historic, local, baltimore county historic district, historic tax credit</keyword></themeKeys><themeKeys><thesaName><resTitle>historic preservation</resTitle></thesaName></themeKeys><themeKeys><keyword>district</keyword><keyword>preservation</keyword><keyword>historic</keyword><keyword>local</keyword></themeKeys><themeKeys><thesaName><resTitle>local</resTitle></thesaName></themeKeys><searchKeys><keyword>district</keyword><keyword>preservation</keyword><keyword>historic</keyword><keyword>local</keyword><keyword>baltimore county historic district</keyword><keyword>historic tax credit</keyword></searchKeys><spatRpType><SpatRepTypCd value="001"/></spatRpType><dataLang><languageCode value="eng"/><countryCode value="USA" Sync="TRUE"></countryCode></dataLang><envirDesc Sync="TRUE">Microsoft Windows 7 Version 6.1 (Build 7601) Service Pack 1; Esri ArcGIS 10.2.0.3348</envirDesc><dataExt><geoEle><GeoBndBox><westBL>-76.829382</westBL><eastBL>-76.380564</eastBL><southBL>39.221945</southBL><northBL>39.591699</northBL></GeoBndBox></geoEle><tempEle><TempExtent><exTemp><TM_Instant><tmPosition>2013-08-19T00:00:00</tmPosition></TM_Instant></exTemp></TempExtent></tempEle></dataExt><dataChar><CharSetCd value="004"/></dataChar><tpCat><TopicCatCd value="003"/></tpCat><tpCat><TopicCatCd value="015"/></tpCat><tpCat><TopicCatCd value="016"/></tpCat><dataExt><geoEle><GeoBndBox esriExtentType="search"><exTypeCode Sync="TRUE">1</exTypeCode><westBL Sync="TRUE">-76.829382</westBL><eastBL Sync="TRUE">-76.380564</eastBL><northBL Sync="TRUE">39.591699</northBL><southBL Sync="TRUE">39.221945</southBL></GeoBndBox></geoEle></dataExt></dataIdInfo><spatRepInfo><VectSpatRep><geometObjs Name="BaltCoHistoricDistricts"><geoObjTyp><GeoObjTypCd value="002" Sync="TRUE"></GeoObjTypCd></geoObjTyp><geoObjCnt Sync="TRUE">0</geoObjCnt></geometObjs><topLvl><TopoLevCd value="001" Sync="TRUE"></TopoLevCd></topLvl></VectSpatRep></spatRepInfo><eainfo><detailed Name="BaltCoHistoricDistricts"><enttyp><enttypl Sync="TRUE">BaltCoHistoricDistricts</enttypl><enttypd>Baltimore County Historic Districts</enttypd><enttypds>Properties within these boundaries are part of a Baltimore County Historic District.</enttypds><enttypt Sync="TRUE">Feature Class</enttypt><enttypc Sync="TRUE">0</enttypc></enttyp><attr><attrlabl Sync="TRUE">FID</attrlabl><attalias Sync="TRUE">FID</attalias><attrtype Sync="TRUE">OID</attrtype><attwidth Sync="TRUE">4</attwidth><atprecis Sync="TRUE">0</atprecis><attscale Sync="TRUE">0</attscale><attrdef Sync="TRUE">Internal feature number.</attrdef><attrdefs Sync="TRUE">Esri</attrdefs><attrdomv><udom Sync="TRUE">Sequential unique whole numbers that are automatically generated.</udom></attrdomv></attr><attr><attrlabl>OBJECTID</attrlabl><attrdef>Internal feature number.</attrdef><attrdefs>ESRI</attrdefs><attrdomv><udom>Sequential unique whole numbers that are automatically generated.</udom></attrdomv><attalias Sync="TRUE">OBJECTID</attalias><attrtype Sync="TRUE">Double</attrtype><attwidth Sync="TRUE">10</attwidth><atprecis Sync="TRUE">10</atprecis><attscale Sync="TRUE">0</attscale></attr><attr><attrlabl>Shape</attrlabl><attrdef>Feature geometry.</attrdef><attrdefs>ESRI</attrdefs><attrdomv><udom>Coordinates defining the features.</udom></attrdomv><attalias Sync="TRUE">Shape</attalias><attrtype Sync="TRUE">Geometry</attrtype><attwidth Sync="TRUE">0</attwidth><atprecis Sync="TRUE">0</atprecis><attscale Sync="TRUE">0</attscale></attr><attr><attrlabl>DISTRICT</attrlabl><attrdef>Baltimore County Historic District name.</attrdef><attrdefs>Office of Plannning</attrdefs><attalias Sync="TRUE">DISTRICT</attalias><attrtype Sync="TRUE">String</attrtype><attwidth Sync="TRUE">25</attwidth><atprecis Sync="TRUE">0</atprecis><attscale Sync="TRUE">0</attscale></attr><attr><attrlabl>DATE_LISTE</attrlabl><attrdef>Date the district was listed as a historic district.</attrdef><attrdefs>office of planning</attrdefs><attrdomv><udom>Coordinates defining the features.</udom></attrdomv><attalias Sync="TRUE">DATE_LISTE</attalias><attrtype Sync="TRUE">String</attrtype><attwidth Sync="TRUE">16</attwidth><atprecis Sync="TRUE">0</atprecis><attscale Sync="TRUE">0</attscale></attr><attr><attrlabl>DATE_SHAPE</attrlabl><attrdef>date the boundaries was mapped</attrdef><attrdefs>office of planning</attrdefs><attrdomv><udom>Coordinates defining the features.</udom></attrdomv><attalias Sync="TRUE">DATE_SHAPE</attalias><attrtype Sync="TRUE">String</attrtype><attwidth Sync="TRUE">16</attwidth><atprecis Sync="TRUE">0</atprecis><attscale Sync="TRUE">0</attscale></attr></detailed></eainfo><distInfo><distFormat><formatName Sync="TRUE">Shapefile</formatName></distFormat><distTranOps><transSize Sync="TRUE">0.000</transSize></distTranOps></distInfo><mdHrLvName Sync="TRUE">dataset</mdHrLvName><refSysInfo><RefSystem><refSysID><identCode code="4326" Sync="TRUE"></identCode><idCodeSpace Sync="TRUE">EPSG</idCodeSpace><idVersion Sync="TRUE">8.1.1</idVersion></refSysID></RefSystem></refSysInfo><spdoinfo><ptvctinf><esriterm Name="BaltCoHistoricDistricts"><efeatyp Sync="TRUE">Simple</efeatyp><efeageom code="4" Sync="TRUE"></efeageom><esritopo Sync="TRUE">FALSE</esritopo><efeacnt Sync="TRUE">0</efeacnt><spindex Sync="TRUE">FALSE</spindex><linrefer Sync="TRUE">FALSE</linrefer></esriterm></ptvctinf></spdoinfo></metadata>
